comparison_id,task,asset,reference_model,baseline_family,baseline_model,loss_function,holm_family,n,forecast_horizon_h,bartlett_max_lag_L,bartlett_weight_rule,mean_final_loss,mean_baseline_loss,mean_loss_differential,median_loss_differential,loss_differential_gamma0,bartlett_long_run_variance,bartlett_variance_of_mean,dm_standard_error,dm_raw_statistic,hln_correction_factor,dm_hln_statistic,dm_hln_p_t_two_sided,variance_policy_case,stage09_decision,stage09_holm_adjusted_p,stage09_mean_diff_abs_delta,stage09_gamma0_abs_delta,stage09_dm_raw_abs_delta,stage09_dm_hln_abs_delta,statsmodels_variance_of_mean,statsmodels_standard_error,statsmodels_dm_raw_statistic,statsmodels_dm_hln_statistic,statsmodels_p_t_two_sided,crosscheck_variance_abs_delta,crosscheck_dm_raw_abs_delta,crosscheck_dm_hln_abs_delta,crosscheck_p_abs_delta,baseline_loss_source,baseline_loss_key_or_column,holm_rank,holm_critical_value,holm_adjusted_p,null_rejected_holm,bartlett_decision,decision_changed,decision_change,stage09_decision_tr,bartlett_decision_tr
volatility__BIST100__FinalWinner_vs_VolPersistence,volatility,BIST100,FinalWinner_3SeedEnsemble,naive,VolPersistence,pinball_tau_0.5,VOLATILITY_PRIMARY,584,1,19,1-k/20,0.0073481736806769891,0.0054603329132476902,-0.0018878407674292996,-0.00094760209321975708,4.7233174784667452e-05,0.00029244319543259728,5.0075889628869393e-07,0.00070764319843314675,-2.6677862114824662,0.99914346879358462,-2.665501169340287,0.0079004419317050024,STANDARD_POSITIVE_VARIANCE,SIGNIFICANT_BASELINE_BETTER,6.0336270432742919e-10,9.9529759434169307e-17,6.7762635780344027e-21,0,0,5.0075889628869414e-07,0.00070764319843314696,-2.6677862114824653,-2.6655011693402861,0.0079004419317050163,2.1175823681357508e-22,8.8817841970012523e-16,8.8817841970012523e-16,1.3877787807814457e-17,results/baselines/naive/naive_baseline_loss_series_v4.npz,vol_persistence_pinball__BIST100,16,0.0071428571428571435,0.055303093521935021,False,NOT_SIGNIFICANT,True,SIGNIFICANT_BASELINE_BETTER -> NOT_SIGNIFICANT,Kıyaslama modeli anlamlı biçimde üstün,Anlamlı fark bulunmadı
volatility__USDTRY__FinalWinner_vs_VolPersistence,volatility,USDTRY,FinalWinner_3SeedEnsemble,naive,VolPersistence,pinball_tau_0.5,VOLATILITY_PRIMARY,584,1,19,1-k/20,0.0057301804932051222,0.0015498761080479735,-0.0041803043851571485,-0.0025856508873403072,2.6460346306063965e-05,0.00037796534728826164,6.4720093713743431e-07,0.00080448799688835279,-5.196229653302451,0.99914346879358462,-5.1917789204486962,2.8815391019344458e-07,STANDARD_POSITIVE_VARIANCE,SIGNIFICANT_BASELINE_BETTER,7.360067374159797e-65,4.8572257327350599e-17,0,0,3.5527136788005009e-15,6.4720093713743473e-07,0.00080448799688835301,-5.1962296533024492,-5.1917789204486944,2.8815391019344728e-07,4.2351647362715017e-22,1.7763568394002505e-15,1.7763568394002505e-15,2.6999175193730823e-21,results/baselines/naive/naive_baseline_loss_series_v4.npz,vol_persistence_pinball__USDTRY,5,0.0027777777777777779,5.1867703834820023e-06,True,SIGNIFICANT_BASELINE_BETTER,False,SIGNIFICANT_BASELINE_BETTER -> SIGNIFICANT_BASELINE_BETTER,Kıyaslama modeli anlamlı biçimde üstün,Kıyaslama modeli anlamlı biçimde üstün
volatility__EURTRY__FinalWinner_vs_VolPersistence,volatility,EURTRY,FinalWinner_3SeedEnsemble,naive,VolPersistence,pinball_tau_0.5,VOLATILITY_PRIMARY,584,1,19,1-k/20,0.0029297130507710454,0.0021094891835922655,-0.00082022386717877976,-0.00066408328711986542,4.0028555205043275e-06,1.8140632587873593e-05,3.1062727034030125e-08,0.00017624621140333805,-4.6538524751701127,0.99914346879358462,-4.6498663052950757,4.1121811472073813e-06,STANDARD_POSITIVE_VARIANCE,SIGNIFICANT_BASELINE_BETTER,2.0399375099036688e-20,7.9797279894933126e-17,8.4703294725430034e-22,1.7763568394002505e-15,0,3.1062727034030145e-08,0.00017624621140333811,-4.6538524751701118,-4.6498663052950748,4.1121811472074025e-06,1.9852334701272664e-23,8.8817841970012523e-16,8.8817841970012523e-16,2.1175823681357508e-20,results/baselines/naive/naive_baseline_loss_series_v4.npz,vol_persistence_pinball__EURTRY,6,0.0029411764705882353,6.9907079502525487e-05,True,SIGNIFICANT_BASELINE_BETTER,False,SIGNIFICANT_BASELINE_BETTER -> SIGNIFICANT_BASELINE_BETTER,Kıyaslama modeli anlamlı biçimde üstün,Kıyaslama modeli anlamlı biçimde üstün
volatility__GOLD__FinalWinner_vs_VolPersistence,volatility,GOLD,FinalWinner_3SeedEnsemble,naive,VolPersistence,pinball_tau_0.5,VOLATILITY_PRIMARY,584,1,19,1-k/20,0.0041493289491595468,0.0025746971113632805,-0.0015746318377962668,-0.0006797201931476593,1.1303822925076452e-05,0.00011176376185721106,1.9137630455001894e-07,0.00043746577528992932,-3.5994400630602099,0.99914346879358462,-3.596357030320577,0.00035007207976730327,STANDARD_POSITIVE_VARIANCE,SIGNIFICANT_BASELINE_BETTER,1.0289150609190076e-25,6.6786853825107073e-17,3.3881317890172014e-21,0,0,1.9137630455001904e-07,0.00043746577528992942,-3.599440063060209,-3.5963570303205761,0.00035007207976730381,1.0587911840678754e-22,8.8817841970012523e-16,8.8817841970012523e-16,5.4210108624275222e-19,results/baselines/naive/naive_baseline_loss_series_v4.npz,vol_persistence_pinball__GOLD,11,0.0041666666666666666,0.004200864957207639,True,SIGNIFICANT_BASELINE_BETTER,False,SIGNIFICANT_BASELINE_BETTER -> SIGNIFICANT_BASELINE_BETTER,Kıyaslama modeli anlamlı biçimde üstün,Kıyaslama modeli anlamlı biçimde üstün
volatility__BIST100__FinalWinner_vs_SingleTaskTransformer,volatility,BIST100,FinalWinner_3SeedEnsemble,learned,SingleTaskTransformer,pinball_tau_0.5,VOLATILITY_PRIMARY,584,1,19,1-k/20,0.0073481736806769891,0.0068867644703460183,-0.00046140921033097185,-0.00027405550128095646,5.4028631549022836e-06,2.0536780691544771e-05,3.5165720362234198e-08,0.00018752525259877454,-2.4605177379400427,0.99914346879358462,-2.4584102277135584,0.014245045393317363,STANDARD_POSITIVE_VARIANCE,SIGNIFICANT_BASELINE_BETTER,1.043825784218758e-05,7.1828393927164669e-17,8.4703294725430034e-22,0,0,3.5165720362234211e-08,0.00018752525259877457,-2.4605177379400422,-2.458410227713558,0.014245045393317378,1.3234889800848443e-23,4.4408920985006262e-16,4.4408920985006262e-16,1.5612511283791264e-17,results/baselines/learned/learned_baseline_loss_series_v4.npz,SingleTaskTransformer__volatility__BIST100,18,0.01,0.071225226966586813,False,NOT_SIGNIFICANT,True,SIGNIFICANT_BASELINE_BETTER -> NOT_SIGNIFICANT,Kıyaslama modeli anlamlı biçimde üstün,Anlamlı fark bulunmadı
volatility__BIST100__FinalWinner_vs_SingleTaskLSTM,volatility,BIST100,FinalWinner_3SeedEnsemble,learned,SingleTaskLSTM,pinball_tau_0.5,VOLATILITY_PRIMARY,584,1,19,1-k/20,0.0073481736806769891,0.0057364146119008178,-0.0016117590687761718,-0.00057853327141009492,3.5601166247609565e-05,0.00023106283856017489,3.9565554547975154e-07,0.00062901156227827132,-2.5623679522494029,0.99914346879358462,-2.5601732041359826,0.010712884907875571,STANDARD_POSITIVE_VARIANCE,SIGNIFICANT_BASELINE_BETTER,1.0519363459225146e-09,7.1774183818540394e-17,1.3552527156068805e-20,0,0,3.9565554547975181e-07,0.00062901156227827154,-2.5623679522494021,-2.5601732041359817,0.010712884907875593,2.6469779601696886e-22,8.8817841970012523e-16,8.8817841970012523e-16,2.2551405187698492e-17,results/baselines/learned/learned_baseline_loss_series_v4.npz,SingleTaskLSTM__volatility__BIST100,17,0.0083333333333333332,0.06427730944725342,False,NOT_SIGNIFICANT,True,SIGNIFICANT_BASELINE_BETTER -> NOT_SIGNIFICANT,Kıyaslama modeli anlamlı biçimde üstün,Anlamlı fark bulunmadı
volatility__BIST100__FinalWinner_vs_XGBoost,volatility,BIST100,FinalWinner_3SeedEnsemble,learned,XGBoost,pinball_tau_0.5,VOLATILITY_PRIMARY,584,1,19,1-k/20,0.0073481736806769891,0.0064337654270166062,-0.00091440825366038373,-0.00034519365450919048,2.6017545197115435e-05,0.00013245812034339553,2.2681184990307454e-07,0.00047624767705793018,-1.9200266955825094,0.99914346879358462,-1.9183821328005923,0.055550649596902972,STANDARD_POSITIVE_VARIANCE,SIGNIFICANT_BASELINE_BETTER,7.0663500741250328e-05,8.3700407715880942e-17,1.0164395367051604e-20,0,8.8817841970012523e-16,2.2681184990307457e-07,0.00047624767705793018,-1.9200266955825094,-1.9183821328005923,0.055550649596902972,2.6469779601696886e-23,0,0,0,results/baselines/learned/learned_baseline_loss_series_v4.npz,XGBoost__volatility__BIST100,19,0.012500000000000001,0.22220259838761189,False,NOT_SIGNIFICANT,True,SIGNIFICANT_BASELINE_BETTER -> NOT_SIGNIFICANT,Kıyaslama modeli anlamlı biçimde üstün,Anlamlı fark bulunmadı
volatility__USDTRY__FinalWinner_vs_SingleTaskTransformer,volatility,USDTRY,FinalWinner_3SeedEnsemble,learned,SingleTaskTransformer,pinball_tau_0.5,VOLATILITY_PRIMARY,584,1,19,1-k/20,0.0057301804932051222,0.0056778384461771301,-5.2342047027992403e-05,0.0001373117197335013,2.860866527907646e-06,1.9567924983057899e-05,3.3506720861400512e-08,0.00018304841125068666,-0.28594646995493139,0.99914346879358462,-0.2857015478800507,0.77520819823999454,STANDARD_POSITIVE_VARIANCE,NOT_SIGNIFICANT,0.91048958845812999,0,4.2351647362715017e-22,0,0,3.3506720861400519e-08,0.00018304841125068669,-0.28594646995493139,-0.2857015478800507,0.77520819823999454,6.6174449004242214e-24,0,0,0,results/baselines/learned/learned_baseline_loss_series_v4.npz,SingleTaskTransformer__volatility__USDTRY,21,0.025000000000000001,1,False,NOT_SIGNIFICANT,False,NOT_SIGNIFICANT -> NOT_SIGNIFICANT,Anlamlı fark bulunmadı,Anlamlı fark bulunmadı
volatility__USDTRY__FinalWinner_vs_SingleTaskLSTM,volatility,USDTRY,FinalWinner_3SeedEnsemble,learned,SingleTaskLSTM,pinball_tau_0.5,VOLATILITY_PRIMARY,584,1,19,1-k/20,0.0057301804932051222,0.0029074058730096958,-0.0028227746201954264,-0.0015938910392906611,1.8788851845627708e-05,0.00026448111415517674,4.5287862012872729e-07,0.00067296256963424595,-4.1945492179893451,0.99914346879358462,-4.1909564556872922,3.2088175110778385e-05,STANDARD_POSITIVE_VARIANCE,SIGNIFICANT_BASELINE_BETTER,2.222253768152295e-45,2.6454533008646308e-17,3.3881317890172014e-21,1.7763568394002505e-15,1.7763568394002505e-15,4.528786201287274e-07,0.00067296256963424595,-4.1945492179893451,-4.1909564556872922,3.2088175110778385e-05,1.0587911840678754e-22,0,0,0,results/baselines/learned/learned_baseline_loss_series_v4.npz,SingleTaskLSTM__volatility__USDTRY,10,0.0038461538461538464,0.00041714627644011903,True,SIGNIFICANT_BASELINE_BETTER,False,SIGNIFICANT_BASELINE_BETTER -> SIGNIFICANT_BASELINE_BETTER,Kıyaslama modeli anlamlı biçimde üstün,Kıyaslama modeli anlamlı biçimde üstün
volatility__USDTRY__FinalWinner_vs_XGBoost,volatility,USDTRY,FinalWinner_3SeedEnsemble,learned,XGBoost,pinball_tau_0.5,VOLATILITY_PRIMARY,584,1,19,1-k/20,0.0057301804932051222,0.0078252464032016224,0.0020950659099965002,0.0012895232698084055,1.821094514607391e-05,0.00022855328991303479,3.9135837313875819e-07,0.00062558642339708608,3.3489631993926339,0.99914346879358462,3.3460947079032173,0.00087230713188044234,STANDARD_POSITIVE_VARIANCE,SIGNIFICANT_FINAL_BETTER,6.1652885648706247e-28,0,0,1.7763568394002505e-15,1.7763568394002505e-15,3.913583731387583e-07,0.00062558642339708608,3.3489631993926339,3.3460947079032173,0.00087230713188044234,1.0587911840678754e-22,0,0,0,results/baselines/learned/learned_baseline_loss_series_v4.npz,XGBoost__volatility__USDTRY,12,0.0045454545454545461,0.0095953784506848661,True,SIGNIFICANT_FINAL_BETTER,False,SIGNIFICANT_FINAL_BETTER -> SIGNIFICANT_FINAL_BETTER,Nihai model anlamlı biçimde üstün,Nihai model anlamlı biçimde üstün
volatility__EURTRY__FinalWinner_vs_SingleTaskTransformer,volatility,EURTRY,FinalWinner_3SeedEnsemble,learned,SingleTaskTransformer,pinball_tau_0.5,VOLATILITY_PRIMARY,584,1,19,1-k/20,0.0029297130507710454,0.0035458957606661675,0.00061618270989512202,0.00064350964730871055,2.781678818103726e-06,1.1125228182863967e-05,1.9050048258328711e-08,0.00013802191223979152,4.4643832265169667,0.99914346879358462,4.4605593429660573,9.8109455321552975e-06,STANDARD_POSITIVE_VARIANCE,SIGNIFICANT_FINAL_BETTER,5.3745323750206554e-17,2.200930410145574e-17,8.4703294725430034e-22,3.5527136788005009e-15,0,1.9050048258328721e-08,0.00013802191223979154,4.4643832265169658,4.4605593429660564,9.8109455321553161e-06,9.9261673506363321e-24,8.8817841970012523e-16,8.8817841970012523e-16,1.8634724839594607e-20,results/baselines/learned/learned_baseline_loss_series_v4.npz,SingleTaskTransformer__volatility__EURTRY,7,0.0031250000000000002,0.00015697512851448476,True,SIGNIFICANT_FINAL_BETTER,False,SIGNIFICANT_FINAL_BETTER -> SIGNIFICANT_FINAL_BETTER,Nihai model anlamlı biçimde üstün,Nihai model anlamlı biçimde üstün
volatility__EURTRY__FinalWinner_vs_SingleTaskLSTM,volatility,EURTRY,FinalWinner_3SeedEnsemble,learned,SingleTaskLSTM,pinball_tau_0.5,VOLATILITY_PRIMARY,584,1,19,1-k/20,0.0029297130507710454,0.0025335644055635266,-0.00039614864520751825,-0.00036817186383007738,3.8577369322374666e-06,1.2426712561736113e-05,2.1278617400233072e-08,0.00014587192121938024,-2.715729263699358,0.99914346879358462,-2.713403156836824,0.0068564717609650282,STANDARD_POSITIVE_VARIANCE,SIGNIFICANT_BASELINE_BETTER,8.637588148528634e-06,1.826880660638075e-17,0,0,0,2.1278617400233075e-08,0.00014587192121938024,-2.715729263699358,-2.713403156836824,0.0068564717609650282,3.3087224502121107e-24,0,0,0,results/baselines/learned/learned_baseline_loss_series_v4.npz,SingleTaskLSTM__volatility__EURTRY,15,0.0062500000000000003,0.054851774087720226,False,NOT_SIGNIFICANT,True,SIGNIFICANT_BASELINE_BETTER -> NOT_SIGNIFICANT,Kıyaslama modeli anlamlı biçimde üstün,Anlamlı fark bulunmadı
volatility__EURTRY__FinalWinner_vs_XGBoost,volatility,EURTRY,FinalWinner_3SeedEnsemble,learned,XGBoost,pinball_tau_0.5,VOLATILITY_PRIMARY,584,1,19,1-k/20,0.0029297130507710454,0.0029522319074202501,2.2518856649204904e-05,-0.00016515606162779972,6.0688805238398978e-06,4.023857979645739e-05,6.8901677733659913e-08,0.00026249129077677972,0.085788966874160946,0.99914346879358462,0.085715485946867093,0.93172201943242761,STANDARD_POSITIVE_VARIANCE,NOT_SIGNIFICANT,0.91048958845812999,0,2.541098841762901e-21,8.3266726846886741e-17,2.7755575615628914e-17,6.8901677733659966e-08,0.00026249129077677983,0.085788966874160905,0.085715485946867051,0.93172201943242761,5.2939559203393771e-23,4.163336342344337e-17,4.163336342344337e-17,0,results/baselines/learned/learned_baseline_loss_series_v4.npz,XGBoost__volatility__EURTRY,22,0.050000000000000003,1,False,NOT_SIGNIFICANT,False,NOT_SIGNIFICANT -> NOT_SIGNIFICANT,Anlamlı fark bulunmadı,Anlamlı fark bulunmadı
volatility__GOLD__FinalWinner_vs_SingleTaskTransformer,volatility,GOLD,FinalWinner_3SeedEnsemble,learned,SingleTaskTransformer,pinball_tau_0.5,VOLATILITY_PRIMARY,584,1,19,1-k/20,0.0041493289491595468,0.0039548254535482757,-0.00019450349561127143,-0.00014616483565681182,1.3237084457512894e-06,6.810751791604764e-06,1.1662246218501308e-08,0.00010799188033598316,-1.8010937026574059,0.99914346879358462,-1.7995510096954015,0.072448498561332939,STANDARD_POSITIVE_VARIANCE,SIGNIFICANT_BASELINE_BETTER,0.00015268817848060001,7.1421818112482605e-17,2.1175823681357508e-22,1.7763568394002505e-15,8.8817841970012523e-16,1.1662246218501307e-08,0.00010799188033598316,-1.8010937026574059,-1.7995510096954015,0.072448498561332939,1.6543612251060553e-24,0,0,0,results/baselines/learned/learned_baseline_loss_series_v4.npz,SingleTaskTransformer__volatility__GOLD,20,0.016666666666666666,0.22220259838761189,False,NOT_SIGNIFICANT,True,SIGNIFICANT_BASELINE_BETTER -> NOT_SIGNIFICANT,Kıyaslama modeli anlamlı biçimde üstün,Anlamlı fark bulunmadı
volatility__GOLD__FinalWinner_vs_SingleTaskLSTM,volatility,GOLD,FinalWinner_3SeedEnsemble,learned,SingleTaskLSTM,pinball_tau_0.5,VOLATILITY_PRIMARY,584,1,19,1-k/20,0.0041493289491595468,0.0027832973753952632,-0.0013660315737642839,-0.00049666946251009439,1.0696578981842313e-05,0.00010826673956391293,1.853882526779331e-07,0.00043056736137093938,-3.1726315004806644,0.99914346879358462,-3.1699140425940464,0.0016048162026143442,STANDARD_POSITIVE_VARIANCE,SIGNIFICANT_BASELINE_BETTER,4.4772903567729092e-21,8.3917248150378043e-17,1.6940658945086007e-21,0,0,1.8538825267793315e-07,0.00043056736137093944,-3.172631500480664,-3.169914042594046,0.0016048162026143489,5.2939559203393771e-23,4.4408920985006262e-16,4.4408920985006262e-16,4.7704895589362195e-18,results/baselines/learned/learned_baseline_loss_series_v4.npz,SingleTaskLSTM__volatility__GOLD,13,0.0050000000000000001,0.016048162026143443,True,SIGNIFICANT_BASELINE_BETTER,False,SIGNIFICANT_BASELINE_BETTER -> SIGNIFICANT_BASELINE_BETTER,Kıyaslama modeli anlamlı biçimde üstün,Kıyaslama modeli anlamlı biçimde üstün
volatility__GOLD__FinalWinner_vs_XGBoost,volatility,GOLD,FinalWinner_3SeedEnsemble,learned,XGBoost,pinball_tau_0.5,VOLATILITY_PRIMARY,584,1,19,1-k/20,0.0041493289491595468,0.0029871054717278342,-0.0011622234774317129,-0.00045659735584807626,8.8691682147555346e-06,8.5987253262440847e-05,1.4723844736719322e-07,0.00038371662378269882,-3.0288588124602271,0.99914346879358462,-3.0262645003675286,0.00258517806545055,STANDARD_POSITIVE_VARIANCE,SIGNIFICANT_BASELINE_BETTER,1.0171440909614212e-18,1.2793585635328952e-17,0,0,1.7763568394002505e-15,1.472384473671933e-07,0.00038371662378269893,-3.0288588124602263,-3.0262645003675277,0.0025851780654505547,7.9409338805090657e-23,8.8817841970012523e-16,8.8817841970012523e-16,4.7704895589362195e-18,results/baselines/learned/learned_baseline_loss_series_v4.npz,XGBoost__volatility__GOLD,14,0.0055555555555555558,0.023266602589054948,True,SIGNIFICANT_BASELINE_BETTER,False,SIGNIFICANT_BASELINE_BETTER -> SIGNIFICANT_BASELINE_BETTER,Kıyaslama modeli anlamlı biçimde üstün,Kıyaslama modeli anlamlı biçimde üstün
volatility__BIST100__FinalWinner_vs_GARCH_1_1_StudentsT_ZeroMean,volatility,BIST100,FinalWinner_3SeedEnsemble,garch_family,GARCH_1_1_StudentsT_ZeroMean,pinball_tau_0.5,VOLATILITY_PRIMARY,584,1,19,1-k/20,0.0073481736806769891,0.0035699850435136418,-0.0037781886371633477,-0.0015744986186743116,7.692725239957134e-05,0.00043630304983289288,7.4709426341248785e-07,0.00086434614791325813,-4.3711522823174649,0.99914346879358462,-4.3674082539796659,1.488030683216664e-05,STANDARD_POSITIVE_VARIANCE,SIGNIFICANT_BASELINE_BETTER,3.0397256592124536e-22,4.7704895589362195e-17,0,0,1.7763568394002505e-15,7.4709426341248838e-07,0.00086434614791325846,-4.371152282317464,-4.367408253979665,1.4880306832166694e-05,5.2939559203393771e-22,8.8817841970012523e-16,8.8817841970012523e-16,5.4210108624275222e-20,results/baselines/garch/checkpoints/garch_1_1_studentt_zeromean__bist100__observations.csv,primary_pinball_loss,9,0.0035714285714285718,0.00020832429565033296,True,SIGNIFICANT_BASELINE_BETTER,False,SIGNIFICANT_BASELINE_BETTER -> SIGNIFICANT_BASELINE_BETTER,Kıyaslama modeli anlamlı biçimde üstün,Kıyaslama modeli anlamlı biçimde üstün
volatility__EURTRY__FinalWinner_vs_GARCH_1_1_StudentsT_ZeroMean,volatility,EURTRY,FinalWinner_3SeedEnsemble,garch_family,GARCH_1_1_StudentsT_ZeroMean,pinball_tau_0.5,VOLATILITY_PRIMARY,584,1,19,1-k/20,0.0029297130507710454,0.0012740061318585443,-0.0016557069189125011,-0.00090206483078307444,1.3832427164501717e-05,3.579769135762698e-05,6.1297416708265376e-08,0.00024758315109931324,-6.6874781727305264,0.99914346879358462,-6.6817501389833609,5.523991137954515e-11,STANDARD_POSITIVE_VARIANCE,SIGNIFICANT_BASELINE_BETTER,1.6614836125388761e-23,1.0842021724855044e-18,3.3881317890172014e-21,1.7763568394002505e-15,3.5527136788005009e-15,6.1297416708265389e-08,0.0002475831510993133,-6.6874781727305246,-6.6817501389833591,5.5239911379546152e-11,1.3234889800848443e-23,1.7763568394002505e-15,1.7763568394002505e-15,1.001664023013432e-24,results/baselines/garch/checkpoints/garch_1_1_studentt_zeromean__eurtry__observations.csv,primary_pinball_loss,1,0.0022727272727272731,1.2152780503499933e-09,True,SIGNIFICANT_BASELINE_BETTER,False,SIGNIFICANT_BASELINE_BETTER -> SIGNIFICANT_BASELINE_BETTER,Kıyaslama modeli anlamlı biçimde üstün,Kıyaslama modeli anlamlı biçimde üstün
volatility__GOLD__FinalWinner_vs_GARCH_1_1_StudentsT_ZeroMean,volatility,GOLD,FinalWinner_3SeedEnsemble,garch_family,GARCH_1_1_StudentsT_ZeroMean,pinball_tau_0.5,VOLATILITY_PRIMARY,584,1,19,1-k/20,0.0041493289491595468,0.001727239809929897,-0.0024220891392296505,-0.0012110393031250616,1.8813684026214957e-05,0.00011513835263203354,1.9715471341101634e-07,0.0004440210731609665,-5.4548968182678905,0.99914346879358462,-5.4502245289152684,7.4339359699868814e-08,STANDARD_POSITIVE_VARIANCE,SIGNIFICANT_BASELINE_BETTER,5.5820856112329196e-35,5.0306980803327406e-17,3.3881317890172014e-21,0,0,1.9715471341101637e-07,0.0004440210731609665,-5.4548968182678905,-5.4502245289152684,7.4339359699868814e-08,2.6469779601696886e-23,0,0,0,results/baselines/garch/checkpoints/garch_1_1_studentt_zeromean__gold__observations.csv,primary_pinball_loss,4,0.002631578947368421,1.4706780784736649e-06,True,SIGNIFICANT_BASELINE_BETTER,False,SIGNIFICANT_BASELINE_BETTER -> SIGNIFICANT_BASELINE_BETTER,Kıyaslama modeli anlamlı biçimde üstün,Kıyaslama modeli anlamlı biçimde üstün
volatility__BIST100__FinalWinner_vs_GJR_GARCH_1_1_StudentsT_ZeroMean,volatility,BIST100,FinalWinner_3SeedEnsemble,garch_family,GJR_GARCH_1_1_StudentsT_ZeroMean,pinball_tau_0.5,VOLATILITY_PRIMARY,584,1,19,1-k/20,0.0073481736806769891,0.0035467946740238535,-0.0038013790066531361,-0.0016496962408250335,7.6776991959652397e-05,0.00043354037232501164,7.4236365124145833e-07,0.00086160527577392322,-4.4119727600769485,0.99914346879358462,-4.4081937677260878,1.2410983438434313e-05,STANDARD_POSITIVE_VARIANCE,SIGNIFICANT_BASELINE_BETTER,1.6964714817281004e-22,3.5995512126518747e-17,1.3552527156068805e-20,1.7763568394002505e-15,0,7.4236365124145875e-07,0.00086160527577392354,-4.4119727600769467,-4.4081937677260861,1.2410983438434403e-05,4.2351647362715017e-22,1.7763568394002505e-15,1.7763568394002505e-15,8.9785492408955836e-20,results/baselines/garch/checkpoints/gjr_garch_1_1_studentt_zeromean__bist100__observations.csv,primary_pinball_loss,8,0.0033333333333333335,0.0001861647515765147,True,SIGNIFICANT_BASELINE_BETTER,False,SIGNIFICANT_BASELINE_BETTER -> SIGNIFICANT_BASELINE_BETTER,Kıyaslama modeli anlamlı biçimde üstün,Kıyaslama modeli anlamlı biçimde üstün
volatility__EURTRY__FinalWinner_vs_GJR_GARCH_1_1_StudentsT_ZeroMean,volatility,EURTRY,FinalWinner_3SeedEnsemble,garch_family,GJR_GARCH_1_1_StudentsT_ZeroMean,pinball_tau_0.5,VOLATILITY_PRIMARY,584,1,19,1-k/20,0.0029297130507710454,0.0012786595071974292,-0.0016510535435736162,-0.00089654034645975512,1.3845789914609428e-05,3.5727634505760425e-05,6.1177456345480181e-08,0.00024734076967916185,-6.675217942093739,0.99914346879358462,-6.6695004096167114,5.9697129252087287e-11,STANDARD_POSITIVE_VARIANCE,SIGNIFICANT_BASELINE_BETTER,2.1445988173019905e-23,1.6263032587282567e-17,0,1.7763568394002505e-15,0,6.117745634548022e-08,0.0002473407696791619,-6.6752179420937372,-6.6695004096167096,5.9697129252088153e-11,3.9704669402545328e-23,1.7763568394002505e-15,1.7763568394002505e-15,8.6595470376645085e-25,results/baselines/garch/checkpoints/gjr_garch_1_1_studentt_zeromean__eurtry__observations.csv,primary_pinball_loss,2,0.0023809523809523812,1.2536397142938331e-09,True,SIGNIFICANT_BASELINE_BETTER,False,SIGNIFICANT_BASELINE_BETTER -> SIGNIFICANT_BASELINE_BETTER,Kıyaslama modeli anlamlı biçimde üstün,Kıyaslama modeli anlamlı biçimde üstün
volatility__GOLD__FinalWinner_vs_GJR_GARCH_1_1_StudentsT_ZeroMean,volatility,GOLD,FinalWinner_3SeedEnsemble,garch_family,GJR_GARCH_1_1_StudentsT_ZeroMean,pinball_tau_0.5,VOLATILITY_PRIMARY,584,1,19,1-k/20,0.0041493289491595468,0.0017272687389750302,-0.0024220602101845171,-0.0012081897554863091,1.8776976456785232e-05,0.00011504963129923679,1.9700279332061094e-07,0.00044384996712922145,-5.4569345264350648,0.99914346879358462,-5.452260491721808,7.3533903923683242e-08,STANDARD_POSITIVE_VARIANCE,SIGNIFICANT_BASELINE_BETTER,5.1364565689448769e-35,1.6913553890773869e-17,3.3881317890172014e-21,1.7763568394002505e-15,1.7763568394002505e-15,1.9700279332061094e-07,0.00044384996712922145,-5.4569345264350648,-5.452260491721808,7.3533903923683242e-08,0,0,0,0,results/baselines/garch/checkpoints/gjr_garch_1_1_studentt_zeromean__gold__observations.csv,primary_pinball_loss,3,0.0025000000000000001,1.4706780784736649e-06,True,SIGNIFICANT_BASELINE_BETTER,False,SIGNIFICANT_BASELINE_BETTER -> SIGNIFICANT_BASELINE_BETTER,Kıyaslama modeli anlamlı biçimde üstün,Kıyaslama modeli anlamlı biçimde üstün
