comparison_id,lag,bartlett_weight,sample_autocovariance
volatility__BIST100__FinalWinner_vs_VolPersistence,0,1,4.7233174784667452e-05
volatility__BIST100__FinalWinner_vs_VolPersistence,1,0.94999999999999996,2.2891284483410185e-05
volatility__BIST100__FinalWinner_vs_VolPersistence,2,0.90000000000000002,2.72092669259592e-05
volatility__BIST100__FinalWinner_vs_VolPersistence,3,0.84999999999999998,2.0418906154443541e-05
volatility__BIST100__FinalWinner_vs_VolPersistence,4,0.80000000000000004,2.1451366582347975e-05
volatility__BIST100__FinalWinner_vs_VolPersistence,5,0.75,1.7173449284372238e-05
volatility__BIST100__FinalWinner_vs_VolPersistence,6,0.69999999999999996,1.0671458209675079e-05
volatility__BIST100__FinalWinner_vs_VolPersistence,7,0.65000000000000002,1.0701889996585281e-05
volatility__BIST100__FinalWinner_vs_VolPersistence,8,0.59999999999999998,7.3020284332958227e-06
volatility__BIST100__FinalWinner_vs_VolPersistence,9,0.55000000000000004,3.6002603682384608e-06
volatility__BIST100__FinalWinner_vs_VolPersistence,10,0.5,1.3872774728878558e-06
volatility__BIST100__FinalWinner_vs_VolPersistence,11,0.44999999999999996,1.8720037981366193e-06
volatility__BIST100__FinalWinner_vs_VolPersistence,12,0.40000000000000002,2.2157855363839135e-06
volatility__BIST100__FinalWinner_vs_VolPersistence,13,0.34999999999999998,-4.0415853250044031e-07
volatility__BIST100__FinalWinner_vs_VolPersistence,14,0.30000000000000004,3.5317759645148947e-06
volatility__BIST100__FinalWinner_vs_VolPersistence,15,0.25,4.6981115565350385e-06
volatility__BIST100__FinalWinner_vs_VolPersistence,16,0.19999999999999996,7.0274574834930114e-06
volatility__BIST100__FinalWinner_vs_VolPersistence,17,0.15000000000000002,5.1781875482527546e-06
volatility__BIST100__FinalWinner_vs_VolPersistence,18,0.099999999999999978,8.9878949912858678e-06
volatility__BIST100__FinalWinner_vs_VolPersistence,19,0.050000000000000044,1.1782417670571726e-05
volatility__USDTRY__FinalWinner_vs_VolPersistence,0,1,2.6460346306063965e-05
volatility__USDTRY__FinalWinner_vs_VolPersistence,1,0.94999999999999996,2.3045259800891602e-05
volatility__USDTRY__FinalWinner_vs_VolPersistence,2,0.90000000000000002,2.1516475842897032e-05
volatility__USDTRY__FinalWinner_vs_VolPersistence,3,0.84999999999999998,2.1036565325372899e-05
volatility__USDTRY__FinalWinner_vs_VolPersistence,4,0.80000000000000004,2.0148821766856823e-05
volatility__USDTRY__FinalWinner_vs_VolPersistence,5,0.75,2.00821400112256e-05
volatility__USDTRY__FinalWinner_vs_VolPersistence,6,0.69999999999999996,1.9160812158894735e-05
volatility__USDTRY__FinalWinner_vs_VolPersistence,7,0.65000000000000002,1.7747572977459568e-05
volatility__USDTRY__FinalWinner_vs_VolPersistence,8,0.59999999999999998,1.724998522091214e-05
volatility__USDTRY__FinalWinner_vs_VolPersistence,9,0.55000000000000004,1.6518409470961729e-05
volatility__USDTRY__FinalWinner_vs_VolPersistence,10,0.5,1.6018721951438734e-05
volatility__USDTRY__FinalWinner_vs_VolPersistence,11,0.44999999999999996,1.5642449410937664e-05
volatility__USDTRY__FinalWinner_vs_VolPersistence,12,0.40000000000000002,1.5299499121505266e-05
volatility__USDTRY__FinalWinner_vs_VolPersistence,13,0.34999999999999998,1.4736113074677682e-05
volatility__USDTRY__FinalWinner_vs_VolPersistence,14,0.30000000000000004,1.4569207486773731e-05
volatility__USDTRY__FinalWinner_vs_VolPersistence,15,0.25,1.44234295799306e-05
volatility__USDTRY__FinalWinner_vs_VolPersistence,16,0.19999999999999996,1.3903754816201929e-05
volatility__USDTRY__FinalWinner_vs_VolPersistence,17,0.15000000000000002,1.34416231778393e-05
volatility__USDTRY__FinalWinner_vs_VolPersistence,18,0.099999999999999978,1.3059052219769344e-05
volatility__USDTRY__FinalWinner_vs_VolPersistence,19,0.050000000000000044,1.2878068934660031e-05
volatility__EURTRY__FinalWinner_vs_VolPersistence,0,1,4.0028555205043275e-06
volatility__EURTRY__FinalWinner_vs_VolPersistence,1,0.94999999999999996,1.5001919574823554e-06
volatility__EURTRY__FinalWinner_vs_VolPersistence,2,0.90000000000000002,1.4265204682430556e-06
volatility__EURTRY__FinalWinner_vs_VolPersistence,3,0.84999999999999998,1.2843044955259978e-06
volatility__EURTRY__FinalWinner_vs_VolPersistence,4,0.80000000000000004,9.9207635090654058e-07
volatility__EURTRY__FinalWinner_vs_VolPersistence,5,0.75,7.5747263850139788e-07
volatility__EURTRY__FinalWinner_vs_VolPersistence,6,0.69999999999999996,8.7816209714869849e-07
volatility__EURTRY__FinalWinner_vs_VolPersistence,7,0.65000000000000002,6.0533441827968389e-07
volatility__EURTRY__FinalWinner_vs_VolPersistence,8,0.59999999999999998,6.6601149364348334e-07
volatility__EURTRY__FinalWinner_vs_VolPersistence,9,0.55000000000000004,4.902651323632355e-07
volatility__EURTRY__FinalWinner_vs_VolPersistence,10,0.5,3.2624205857703293e-07
volatility__EURTRY__FinalWinner_vs_VolPersistence,11,0.44999999999999996,3.7873659726240054e-07
volatility__EURTRY__FinalWinner_vs_VolPersistence,12,0.40000000000000002,8.3070932983242762e-08
volatility__EURTRY__FinalWinner_vs_VolPersistence,13,0.34999999999999998,-1.0621507434916061e-07
volatility__EURTRY__FinalWinner_vs_VolPersistence,14,0.30000000000000004,-1.3341591388753789e-07
volatility__EURTRY__FinalWinner_vs_VolPersistence,15,0.25,-8.1831113255905951e-08
volatility__EURTRY__FinalWinner_vs_VolPersistence,16,0.19999999999999996,-6.096980670425364e-08
volatility__EURTRY__FinalWinner_vs_VolPersistence,17,0.15000000000000002,-1.9457600321491099e-07
volatility__EURTRY__FinalWinner_vs_VolPersistence,18,0.099999999999999978,5.333807420879134e-08
volatility__EURTRY__FinalWinner_vs_VolPersistence,19,0.050000000000000044,-8.193350715454927e-08
volatility__GOLD__FinalWinner_vs_VolPersistence,0,1,1.1303822925076452e-05
volatility__GOLD__FinalWinner_vs_VolPersistence,1,0.94999999999999996,7.0206038352917306e-06
volatility__GOLD__FinalWinner_vs_VolPersistence,2,0.90000000000000002,6.8631429268562144e-06
volatility__GOLD__FinalWinner_vs_VolPersistence,3,0.84999999999999998,6.7039915661463713e-06
volatility__GOLD__FinalWinner_vs_VolPersistence,4,0.80000000000000004,6.5602077883881259e-06
volatility__GOLD__FinalWinner_vs_VolPersistence,5,0.75,5.9960043281770319e-06
volatility__GOLD__FinalWinner_vs_VolPersistence,6,0.69999999999999996,5.7294431845455812e-06
volatility__GOLD__FinalWinner_vs_VolPersistence,7,0.65000000000000002,5.502575107625539e-06
volatility__GOLD__FinalWinner_vs_VolPersistence,8,0.59999999999999998,5.1268231124089117e-06
volatility__GOLD__FinalWinner_vs_VolPersistence,9,0.55000000000000004,4.1990353098744362e-06
volatility__GOLD__FinalWinner_vs_VolPersistence,10,0.5,3.9423524375661923e-06
volatility__GOLD__FinalWinner_vs_VolPersistence,11,0.44999999999999996,3.808923846515622e-06
volatility__GOLD__FinalWinner_vs_VolPersistence,12,0.40000000000000002,3.4889042153071713e-06
volatility__GOLD__FinalWinner_vs_VolPersistence,13,0.34999999999999998,2.814191954364172e-06
volatility__GOLD__FinalWinner_vs_VolPersistence,14,0.30000000000000004,3.1907227226450036e-06
volatility__GOLD__FinalWinner_vs_VolPersistence,15,0.25,2.6216691339307037e-06
volatility__GOLD__FinalWinner_vs_VolPersistence,16,0.19999999999999996,2.7866751192578737e-06
volatility__GOLD__FinalWinner_vs_VolPersistence,17,0.15000000000000002,2.6092207448065458e-06
volatility__GOLD__FinalWinner_vs_VolPersistence,18,0.099999999999999978,2.3922191584251948e-06
volatility__GOLD__FinalWinner_vs_VolPersistence,19,0.050000000000000044,2.0172514346074657e-06
volatility__BIST100__FinalWinner_vs_SingleTaskTransformer,0,1,5.4028631549022836e-06
volatility__BIST100__FinalWinner_vs_SingleTaskTransformer,1,0.94999999999999996,8.4771357041319659e-07
volatility__BIST100__FinalWinner_vs_SingleTaskTransformer,2,0.90000000000000002,1.341498944759898e-06
volatility__BIST100__FinalWinner_vs_SingleTaskTransformer,3,0.84999999999999998,9.4595584030055877e-07
volatility__BIST100__FinalWinner_vs_SingleTaskTransformer,4,0.80000000000000004,3.9344756075461298e-07
volatility__BIST100__FinalWinner_vs_SingleTaskTransformer,5,0.75,1.3264098360230294e-06
volatility__BIST100__FinalWinner_vs_SingleTaskTransformer,6,0.69999999999999996,5.4268066977846074e-07
volatility__BIST100__FinalWinner_vs_SingleTaskTransformer,7,0.65000000000000002,8.7890445617334204e-07
volatility__BIST100__FinalWinner_vs_SingleTaskTransformer,8,0.59999999999999998,9.5060809742016719e-07
volatility__BIST100__FinalWinner_vs_SingleTaskTransformer,9,0.55000000000000004,4.4915419035424011e-07
volatility__BIST100__FinalWinner_vs_SingleTaskTransformer,10,0.5,8.2257481319198688e-07
volatility__BIST100__FinalWinner_vs_SingleTaskTransformer,11,0.44999999999999996,4.298421767965754e-07
volatility__BIST100__FinalWinner_vs_SingleTaskTransformer,12,0.40000000000000002,5.5582085690729298e-07
volatility__BIST100__FinalWinner_vs_SingleTaskTransformer,13,0.34999999999999998,7.5707093794749555e-07
volatility__BIST100__FinalWinner_vs_SingleTaskTransformer,14,0.30000000000000004,4.895901082644952e-07
volatility__BIST100__FinalWinner_vs_SingleTaskTransformer,15,0.25,4.558605153911915e-07
volatility__BIST100__FinalWinner_vs_SingleTaskTransformer,16,0.19999999999999996,5.3956986158633995e-07
volatility__BIST100__FinalWinner_vs_SingleTaskTransformer,17,0.15000000000000002,6.3976447629208331e-07
volatility__BIST100__FinalWinner_vs_SingleTaskTransformer,18,0.099999999999999978,8.1965838333338463e-07
volatility__BIST100__FinalWinner_vs_SingleTaskTransformer,19,0.050000000000000044,6.676741428655262e-07
volatility__BIST100__FinalWinner_vs_SingleTaskLSTM,0,1,3.5601166247609565e-05
volatility__BIST100__FinalWinner_vs_SingleTaskLSTM,1,0.94999999999999996,1.8120890909130912e-05
volatility__BIST100__FinalWinner_vs_SingleTaskLSTM,2,0.90000000000000002,2.0803223578717522e-05
volatility__BIST100__FinalWinner_vs_SingleTaskLSTM,3,0.84999999999999998,1.6561571426665896e-05
volatility__BIST100__FinalWinner_vs_SingleTaskLSTM,4,0.80000000000000004,1.6004557440525344e-05
volatility__BIST100__FinalWinner_vs_SingleTaskLSTM,5,0.75,1.3901874908280575e-05
volatility__BIST100__FinalWinner_vs_SingleTaskLSTM,6,0.69999999999999996,8.6269779660189613e-06
volatility__BIST100__FinalWinner_vs_SingleTaskLSTM,7,0.65000000000000002,8.4234889183780314e-06
volatility__BIST100__FinalWinner_vs_SingleTaskLSTM,8,0.59999999999999998,6.6360886828943026e-06
volatility__BIST100__FinalWinner_vs_SingleTaskLSTM,9,0.55000000000000004,3.5252473316985244e-06
volatility__BIST100__FinalWinner_vs_SingleTaskLSTM,10,0.5,1.7994375281609471e-06
volatility__BIST100__FinalWinner_vs_SingleTaskLSTM,11,0.44999999999999996,1.1347425043303599e-06
volatility__BIST100__FinalWinner_vs_SingleTaskLSTM,12,0.40000000000000002,1.2422940005743034e-06
volatility__BIST100__FinalWinner_vs_SingleTaskLSTM,13,0.34999999999999998,4.8338475212216276e-07
volatility__BIST100__FinalWinner_vs_SingleTaskLSTM,14,0.30000000000000004,2.8213952989725009e-06
volatility__BIST100__FinalWinner_vs_SingleTaskLSTM,15,0.25,3.755888515099046e-06
volatility__BIST100__FinalWinner_vs_SingleTaskLSTM,16,0.19999999999999996,6.1427436593508306e-06
volatility__BIST100__FinalWinner_vs_SingleTaskLSTM,17,0.15000000000000002,4.7355549757767951e-06
volatility__BIST100__FinalWinner_vs_SingleTaskLSTM,18,0.099999999999999978,7.8280623806862457e-06
volatility__BIST100__FinalWinner_vs_SingleTaskLSTM,19,0.050000000000000044,9.3495004172523118e-06
volatility__BIST100__FinalWinner_vs_XGBoost,0,1,2.6017545197115435e-05
volatility__BIST100__FinalWinner_vs_XGBoost,1,0.94999999999999996,8.3971538419297377e-06
volatility__BIST100__FinalWinner_vs_XGBoost,2,0.90000000000000002,9.7752398492792168e-06
volatility__BIST100__FinalWinner_vs_XGBoost,3,0.84999999999999998,7.2677181201500006e-06
volatility__BIST100__FinalWinner_vs_XGBoost,4,0.80000000000000004,6.3073255590507811e-06
volatility__BIST100__FinalWinner_vs_XGBoost,5,0.75,8.0786295287262956e-06
volatility__BIST100__FinalWinner_vs_XGBoost,6,0.69999999999999996,5.9191093861935434e-06
volatility__BIST100__FinalWinner_vs_XGBoost,7,0.65000000000000002,5.8864238240139253e-06
volatility__BIST100__FinalWinner_vs_XGBoost,8,0.59999999999999998,5.2950842465991142e-06
volatility__BIST100__FinalWinner_vs_XGBoost,9,0.55000000000000004,3.7555063154891027e-06
volatility__BIST100__FinalWinner_vs_XGBoost,10,0.5,2.8201740372505738e-06
volatility__BIST100__FinalWinner_vs_XGBoost,11,0.44999999999999996,2.6947153585429255e-06
volatility__BIST100__FinalWinner_vs_XGBoost,12,0.40000000000000002,9.3895324242799022e-07
volatility__BIST100__FinalWinner_vs_XGBoost,13,0.34999999999999998,6.281411753529808e-07
volatility__BIST100__FinalWinner_vs_XGBoost,14,0.30000000000000004,1.8842278793834859e-07
volatility__BIST100__FinalWinner_vs_XGBoost,15,0.25,3.4688745684697378e-06
volatility__BIST100__FinalWinner_vs_XGBoost,16,0.19999999999999996,4.1608288418645368e-06
volatility__BIST100__FinalWinner_vs_XGBoost,17,0.15000000000000002,1.6993934587751342e-06
volatility__BIST100__FinalWinner_vs_XGBoost,18,0.099999999999999978,4.927321924162359e-06
volatility__BIST100__FinalWinner_vs_XGBoost,19,0.050000000000000044,4.581187784018899e-06
volatility__USDTRY__FinalWinner_vs_SingleTaskTransformer,0,1,2.860866527907646e-06
volatility__USDTRY__FinalWinner_vs_SingleTaskTransformer,1,0.94999999999999996,1.4708280842612556e-06
volatility__USDTRY__FinalWinner_vs_SingleTaskTransformer,2,0.90000000000000002,1.1354312956647141e-06
volatility__USDTRY__FinalWinner_vs_SingleTaskTransformer,3,0.84999999999999998,7.9892476207498531e-07
volatility__USDTRY__FinalWinner_vs_SingleTaskTransformer,4,0.80000000000000004,9.1974894558047279e-07
volatility__USDTRY__FinalWinner_vs_SingleTaskTransformer,5,0.75,9.1414840476664359e-07
volatility__USDTRY__FinalWinner_vs_SingleTaskTransformer,6,0.69999999999999996,1.0956954321254527e-06
volatility__USDTRY__FinalWinner_vs_SingleTaskTransformer,7,0.65000000000000002,1.0354911779964273e-06
volatility__USDTRY__FinalWinner_vs_SingleTaskTransformer,8,0.59999999999999998,8.6978484931669187e-07
volatility__USDTRY__FinalWinner_vs_SingleTaskTransformer,9,0.55000000000000004,7.0091192491366965e-07
volatility__USDTRY__FinalWinner_vs_SingleTaskTransformer,10,0.5,7.0671503868259851e-07
volatility__USDTRY__FinalWinner_vs_SingleTaskTransformer,11,0.44999999999999996,7.6287154107598577e-07
volatility__USDTRY__FinalWinner_vs_SingleTaskTransformer,12,0.40000000000000002,5.6180071748533984e-07
volatility__USDTRY__FinalWinner_vs_SingleTaskTransformer,13,0.34999999999999998,4.380227195656069e-07
volatility__USDTRY__FinalWinner_vs_SingleTaskTransformer,14,0.30000000000000004,4.6743234042695984e-07
volatility__USDTRY__FinalWinner_vs_SingleTaskTransformer,15,0.25,3.6314910991104314e-07
volatility__USDTRY__FinalWinner_vs_SingleTaskTransformer,16,0.19999999999999996,3.5457067894721238e-07
volatility__USDTRY__FinalWinner_vs_SingleTaskTransformer,17,0.15000000000000002,4.4145424207407807e-07
volatility__USDTRY__FinalWinner_vs_SingleTaskTransformer,18,0.099999999999999978,3.7276644443018383e-07
volatility__USDTRY__FinalWinner_vs_SingleTaskTransformer,19,0.050000000000000044,1.26509786611041e-07
volatility__USDTRY__FinalWinner_vs_SingleTaskLSTM,0,1,1.8788851845627708e-05
volatility__USDTRY__FinalWinner_vs_SingleTaskLSTM,1,0.94999999999999996,1.6673976660703579e-05
volatility__USDTRY__FinalWinner_vs_SingleTaskLSTM,2,0.90000000000000002,1.5645983323882681e-05
volatility__USDTRY__FinalWinner_vs_SingleTaskLSTM,3,0.84999999999999998,1.51164180732842e-05
volatility__USDTRY__FinalWinner_vs_SingleTaskLSTM,4,0.80000000000000004,1.4470879337117122e-05
volatility__USDTRY__FinalWinner_vs_SingleTaskLSTM,5,0.75,1.4126619891650157e-05
volatility__USDTRY__FinalWinner_vs_SingleTaskLSTM,6,0.69999999999999996,1.341729896008942e-05
volatility__USDTRY__FinalWinner_vs_SingleTaskLSTM,7,0.65000000000000002,1.3151973201885942e-05
volatility__USDTRY__FinalWinner_vs_SingleTaskLSTM,8,0.59999999999999998,1.229359514389617e-05
volatility__USDTRY__FinalWinner_vs_SingleTaskLSTM,9,0.55000000000000004,1.117894951707204e-05
volatility__USDTRY__FinalWinner_vs_SingleTaskLSTM,10,0.5,1.0667485270702709e-05
volatility__USDTRY__FinalWinner_vs_SingleTaskLSTM,11,0.44999999999999996,1.0162734239331493e-05
volatility__USDTRY__FinalWinner_vs_SingleTaskLSTM,12,0.40000000000000002,1.0056776427519701e-05
volatility__USDTRY__FinalWinner_vs_SingleTaskLSTM,13,0.34999999999999998,9.6884583745859237e-06
volatility__USDTRY__FinalWinner_vs_SingleTaskLSTM,14,0.30000000000000004,9.178323975034277e-06
volatility__USDTRY__FinalWinner_vs_SingleTaskLSTM,15,0.25,8.9351870225612696e-06
volatility__USDTRY__FinalWinner_vs_SingleTaskLSTM,16,0.19999999999999996,8.5000663162993486e-06
volatility__USDTRY__FinalWinner_vs_SingleTaskLSTM,17,0.15000000000000002,8.1561816638358225e-06
volatility__USDTRY__FinalWinner_vs_SingleTaskLSTM,18,0.099999999999999978,8.0898175254264226e-06
volatility__USDTRY__FinalWinner_vs_SingleTaskLSTM,19,0.050000000000000044,7.9602630436212221e-06
volatility__USDTRY__FinalWinner_vs_XGBoost,0,1,1.821094514607391e-05
volatility__USDTRY__FinalWinner_vs_XGBoost,1,0.94999999999999996,1.511317085564492e-05
volatility__USDTRY__FinalWinner_vs_XGBoost,2,0.90000000000000002,1.4284420308858726e-05
volatility__USDTRY__FinalWinner_vs_XGBoost,3,0.84999999999999998,1.32919398020653e-05
volatility__USDTRY__FinalWinner_vs_XGBoost,4,0.80000000000000004,1.2831689328367705e-05
volatility__USDTRY__FinalWinner_vs_XGBoost,5,0.75,1.2265987931775704e-05
volatility__USDTRY__FinalWinner_vs_XGBoost,6,0.69999999999999996,1.2135511348919088e-05
volatility__USDTRY__FinalWinner_vs_XGBoost,7,0.65000000000000002,1.1363770294426863e-05
volatility__USDTRY__FinalWinner_vs_XGBoost,8,0.59999999999999998,1.0831064572756512e-05
volatility__USDTRY__FinalWinner_vs_XGBoost,9,0.55000000000000004,1.0104701377937364e-05
volatility__USDTRY__FinalWinner_vs_XGBoost,10,0.5,9.3984602557199808e-06
volatility__USDTRY__FinalWinner_vs_XGBoost,11,0.44999999999999996,8.3188418236717154e-06
volatility__USDTRY__FinalWinner_vs_XGBoost,12,0.40000000000000002,7.4051496447815968e-06
volatility__USDTRY__FinalWinner_vs_XGBoost,13,0.34999999999999998,6.7372188673524449e-06
volatility__USDTRY__FinalWinner_vs_XGBoost,14,0.30000000000000004,6.2522871887482324e-06
volatility__USDTRY__FinalWinner_vs_XGBoost,15,0.25,5.5778532124518062e-06
volatility__USDTRY__FinalWinner_vs_XGBoost,16,0.19999999999999996,4.9082462014232997e-06
volatility__USDTRY__FinalWinner_vs_XGBoost,17,0.15000000000000002,4.5437837430328213e-06
volatility__USDTRY__FinalWinner_vs_XGBoost,18,0.099999999999999978,3.8701204835637134e-06
volatility__USDTRY__FinalWinner_vs_XGBoost,19,0.050000000000000044,3.4796738478312515e-06
volatility__EURTRY__FinalWinner_vs_SingleTaskTransformer,0,1,2.781678818103726e-06
volatility__EURTRY__FinalWinner_vs_SingleTaskTransformer,1,0.94999999999999996,6.6206746097550931e-07
volatility__EURTRY__FinalWinner_vs_SingleTaskTransformer,2,0.90000000000000002,4.1707477441787166e-07
volatility__EURTRY__FinalWinner_vs_SingleTaskTransformer,3,0.84999999999999998,5.0857725708029043e-07
volatility__EURTRY__FinalWinner_vs_SingleTaskTransformer,4,0.80000000000000004,4.7301510578487424e-07
volatility__EURTRY__FinalWinner_vs_SingleTaskTransformer,5,0.75,3.7328060954303553e-07
volatility__EURTRY__FinalWinner_vs_SingleTaskTransformer,6,0.69999999999999996,5.8780994962675789e-07
volatility__EURTRY__FinalWinner_vs_SingleTaskTransformer,7,0.65000000000000002,4.2731396622360068e-07
volatility__EURTRY__FinalWinner_vs_SingleTaskTransformer,8,0.59999999999999998,4.2615756853180399e-07
volatility__EURTRY__FinalWinner_vs_SingleTaskTransformer,9,0.55000000000000004,2.3139732668835782e-07
volatility__EURTRY__FinalWinner_vs_SingleTaskTransformer,10,0.5,3.7724222702404762e-07
volatility__EURTRY__FinalWinner_vs_SingleTaskTransformer,11,0.44999999999999996,7.3120705410610395e-07
volatility__EURTRY__FinalWinner_vs_SingleTaskTransformer,12,0.40000000000000002,3.1027698036026e-07
volatility__EURTRY__FinalWinner_vs_SingleTaskTransformer,13,0.34999999999999998,2.9058179001006464e-07
volatility__EURTRY__FinalWinner_vs_SingleTaskTransformer,14,0.30000000000000004,2.8032605005090026e-07
volatility__EURTRY__FinalWinner_vs_SingleTaskTransformer,15,0.25,2.0112857179278573e-07
volatility__EURTRY__FinalWinner_vs_SingleTaskTransformer,16,0.19999999999999996,2.013529522050288e-07
volatility__EURTRY__FinalWinner_vs_SingleTaskTransformer,17,0.15000000000000002,3.6373007723828901e-07
volatility__EURTRY__FinalWinner_vs_SingleTaskTransformer,18,0.099999999999999978,2.745032225907938e-07
volatility__EURTRY__FinalWinner_vs_SingleTaskTransformer,19,0.050000000000000044,8.9137696708748369e-08
volatility__EURTRY__FinalWinner_vs_SingleTaskLSTM,0,1,3.8577369322374666e-06
volatility__EURTRY__FinalWinner_vs_SingleTaskLSTM,1,0.94999999999999996,1.406931313647032e-06
volatility__EURTRY__FinalWinner_vs_SingleTaskLSTM,2,0.90000000000000002,1.0816366122145926e-06
volatility__EURTRY__FinalWinner_vs_SingleTaskLSTM,3,0.84999999999999998,7.1152337566272035e-07
volatility__EURTRY__FinalWinner_vs_SingleTaskLSTM,4,0.80000000000000004,4.9629932948569792e-07
volatility__EURTRY__FinalWinner_vs_SingleTaskLSTM,5,0.75,5.6967644336632483e-07
volatility__EURTRY__FinalWinner_vs_SingleTaskLSTM,6,0.69999999999999996,4.81300384934686e-07
volatility__EURTRY__FinalWinner_vs_SingleTaskLSTM,7,0.65000000000000002,5.7310161037411919e-07
volatility__EURTRY__FinalWinner_vs_SingleTaskLSTM,8,0.59999999999999998,3.6067867195100923e-07
volatility__EURTRY__FinalWinner_vs_SingleTaskLSTM,9,0.55000000000000004,-1.936863157294394e-07
volatility__EURTRY__FinalWinner_vs_SingleTaskLSTM,10,0.5,8.473055574401416e-08
volatility__EURTRY__FinalWinner_vs_SingleTaskLSTM,11,0.44999999999999996,9.310911988315501e-08
volatility__EURTRY__FinalWinner_vs_SingleTaskLSTM,12,0.40000000000000002,-2.2728748860145894e-08
volatility__EURTRY__FinalWinner_vs_SingleTaskLSTM,13,0.34999999999999998,-1.5601561480948426e-07
volatility__EURTRY__FinalWinner_vs_SingleTaskLSTM,14,0.30000000000000004,-4.2809944543217985e-07
volatility__EURTRY__FinalWinner_vs_SingleTaskLSTM,15,0.25,-2.6043863503580132e-07
volatility__EURTRY__FinalWinner_vs_SingleTaskLSTM,16,0.19999999999999996,-1.0096013556267972e-07
volatility__EURTRY__FinalWinner_vs_SingleTaskLSTM,17,0.15000000000000002,-3.5835249207990148e-07
volatility__EURTRY__FinalWinner_vs_SingleTaskLSTM,18,0.099999999999999978,-1.3207305536269155e-08
volatility__EURTRY__FinalWinner_vs_SingleTaskLSTM,19,0.050000000000000044,-5.1459777154547818e-07
volatility__EURTRY__FinalWinner_vs_XGBoost,0,1,6.0688805238398978e-06
volatility__EURTRY__FinalWinner_vs_XGBoost,1,0.94999999999999996,3.407714240492584e-06
volatility__EURTRY__FinalWinner_vs_XGBoost,2,0.90000000000000002,2.9299770550034053e-06
volatility__EURTRY__FinalWinner_vs_XGBoost,3,0.84999999999999998,2.7078011971625924e-06
volatility__EURTRY__FinalWinner_vs_XGBoost,4,0.80000000000000004,2.0732440811482668e-06
volatility__EURTRY__FinalWinner_vs_XGBoost,5,0.75,2.0391182280873013e-06
volatility__EURTRY__FinalWinner_vs_XGBoost,6,0.69999999999999996,2.0031596872449866e-06
volatility__EURTRY__FinalWinner_vs_XGBoost,7,0.65000000000000002,2.0842828118311906e-06
volatility__EURTRY__FinalWinner_vs_XGBoost,8,0.59999999999999998,1.7664116203172915e-06
volatility__EURTRY__FinalWinner_vs_XGBoost,9,0.55000000000000004,1.3975199753728056e-06
volatility__EURTRY__FinalWinner_vs_XGBoost,10,0.5,9.4293058936149874e-07
volatility__EURTRY__FinalWinner_vs_XGBoost,11,0.44999999999999996,5.841747052790101e-07
volatility__EURTRY__FinalWinner_vs_XGBoost,12,0.40000000000000002,3.8720163256538916e-07
volatility__EURTRY__FinalWinner_vs_XGBoost,13,0.34999999999999998,2.6811977631831766e-07
volatility__EURTRY__FinalWinner_vs_XGBoost,14,0.30000000000000004,2.582278298234098e-07
volatility__EURTRY__FinalWinner_vs_XGBoost,15,0.25,2.6493732435927386e-07
volatility__EURTRY__FinalWinner_vs_XGBoost,16,0.19999999999999996,1.392491646091836e-07
volatility__EURTRY__FinalWinner_vs_XGBoost,17,0.15000000000000002,-1.2746373979439614e-08
volatility__EURTRY__FinalWinner_vs_XGBoost,18,0.099999999999999978,1.7571477048331315e-08
volatility__EURTRY__FinalWinner_vs_XGBoost,19,0.050000000000000044,-3.7931908004425057e-07
volatility__GOLD__FinalWinner_vs_SingleTaskTransformer,0,1,1.3237084457512894e-06
volatility__GOLD__FinalWinner_vs_SingleTaskTransformer,1,0.94999999999999996,4.1381709431242067e-07
volatility__GOLD__FinalWinner_vs_SingleTaskTransformer,2,0.90000000000000002,4.9333495178481536e-07
volatility__GOLD__FinalWinner_vs_SingleTaskTransformer,3,0.84999999999999998,3.7185462919915999e-07
volatility__GOLD__FinalWinner_vs_SingleTaskTransformer,4,0.80000000000000004,4.1228514565620051e-07
volatility__GOLD__FinalWinner_vs_SingleTaskTransformer,5,0.75,3.1642889956244551e-07
volatility__GOLD__FinalWinner_vs_SingleTaskTransformer,6,0.69999999999999996,3.1942730258256459e-07
volatility__GOLD__FinalWinner_vs_SingleTaskTransformer,7,0.65000000000000002,2.5700010085699091e-07
volatility__GOLD__FinalWinner_vs_SingleTaskTransformer,8,0.59999999999999998,2.5955062739597781e-07
volatility__GOLD__FinalWinner_vs_SingleTaskTransformer,9,0.55000000000000004,2.3563385632782519e-07
volatility__GOLD__FinalWinner_vs_SingleTaskTransformer,10,0.5,1.3526889374963226e-07
volatility__GOLD__FinalWinner_vs_SingleTaskTransformer,11,0.44999999999999996,9.8480319799932712e-08
volatility__GOLD__FinalWinner_vs_SingleTaskTransformer,12,0.40000000000000002,1.4308999725124425e-07
volatility__GOLD__FinalWinner_vs_SingleTaskTransformer,13,0.34999999999999998,1.3136936210595337e-07
volatility__GOLD__FinalWinner_vs_SingleTaskTransformer,14,0.30000000000000004,1.3123853913003337e-07
volatility__GOLD__FinalWinner_vs_SingleTaskTransformer,15,0.25,1.5174651446996355e-07
volatility__GOLD__FinalWinner_vs_SingleTaskTransformer,16,0.19999999999999996,8.5750729916606918e-08
volatility__GOLD__FinalWinner_vs_SingleTaskTransformer,17,0.15000000000000002,1.4116684520092649e-07
volatility__GOLD__FinalWinner_vs_SingleTaskTransformer,18,0.099999999999999978,1.0963579768401907e-07
volatility__GOLD__FinalWinner_vs_SingleTaskTransformer,19,0.050000000000000044,1.0853533228125693e-07
volatility__GOLD__FinalWinner_vs_SingleTaskLSTM,0,1,1.0696578981842313e-05
volatility__GOLD__FinalWinner_vs_SingleTaskLSTM,1,0.94999999999999996,6.7865018564554379e-06
volatility__GOLD__FinalWinner_vs_SingleTaskLSTM,2,0.90000000000000002,6.63391367880991e-06
volatility__GOLD__FinalWinner_vs_SingleTaskLSTM,3,0.84999999999999998,6.5831702210285613e-06
volatility__GOLD__FinalWinner_vs_SingleTaskLSTM,4,0.80000000000000004,6.2016137343632925e-06
volatility__GOLD__FinalWinner_vs_SingleTaskLSTM,5,0.75,5.8025495796765399e-06
volatility__GOLD__FinalWinner_vs_SingleTaskLSTM,6,0.69999999999999996,5.4783373963288439e-06
volatility__GOLD__FinalWinner_vs_SingleTaskLSTM,7,0.65000000000000002,5.4107132242802563e-06
volatility__GOLD__FinalWinner_vs_SingleTaskLSTM,8,0.59999999999999998,4.9263513194743004e-06
volatility__GOLD__FinalWinner_vs_SingleTaskLSTM,9,0.55000000000000004,4.1917470754648396e-06
volatility__GOLD__FinalWinner_vs_SingleTaskLSTM,10,0.5,3.917264677430426e-06
volatility__GOLD__FinalWinner_vs_SingleTaskLSTM,11,0.44999999999999996,3.7259787978811159e-06
volatility__GOLD__FinalWinner_vs_SingleTaskLSTM,12,0.40000000000000002,3.3352391189399233e-06
volatility__GOLD__FinalWinner_vs_SingleTaskLSTM,13,0.34999999999999998,3.0197717085349595e-06
volatility__GOLD__FinalWinner_vs_SingleTaskLSTM,14,0.30000000000000004,3.0901926764904136e-06
volatility__GOLD__FinalWinner_vs_SingleTaskLSTM,15,0.25,2.5469188253689122e-06
volatility__GOLD__FinalWinner_vs_SingleTaskLSTM,16,0.19999999999999996,2.6464491040941947e-06
volatility__GOLD__FinalWinner_vs_SingleTaskLSTM,17,0.15000000000000002,2.5493314629616804e-06
volatility__GOLD__FinalWinner_vs_SingleTaskLSTM,18,0.099999999999999978,2.3977982115566816e-06
volatility__GOLD__FinalWinner_vs_SingleTaskLSTM,19,0.050000000000000044,2.0763297183154308e-06
volatility__GOLD__FinalWinner_vs_XGBoost,0,1,8.8691682147555346e-06
volatility__GOLD__FinalWinner_vs_XGBoost,1,0.94999999999999996,5.6982391223271412e-06
volatility__GOLD__FinalWinner_vs_XGBoost,2,0.90000000000000002,5.2423762869128827e-06
volatility__GOLD__FinalWinner_vs_XGBoost,3,0.84999999999999998,4.9014712540121241e-06
volatility__GOLD__FinalWinner_vs_XGBoost,4,0.80000000000000004,4.9751102810698187e-06
volatility__GOLD__FinalWinner_vs_XGBoost,5,0.75,4.7424225989066019e-06
volatility__GOLD__FinalWinner_vs_XGBoost,6,0.69999999999999996,4.2221638775780434e-06
volatility__GOLD__FinalWinner_vs_XGBoost,7,0.65000000000000002,4.1681826863824805e-06
volatility__GOLD__FinalWinner_vs_XGBoost,8,0.59999999999999998,3.6213473909537296e-06
volatility__GOLD__FinalWinner_vs_XGBoost,9,0.55000000000000004,3.2940801930289956e-06
volatility__GOLD__FinalWinner_vs_XGBoost,10,0.5,3.127701714785935e-06
volatility__GOLD__FinalWinner_vs_XGBoost,11,0.44999999999999996,3.1715444522320857e-06
volatility__GOLD__FinalWinner_vs_XGBoost,12,0.40000000000000002,2.8054623620228675e-06
volatility__GOLD__FinalWinner_vs_XGBoost,13,0.34999999999999998,2.4177427240324551e-06
volatility__GOLD__FinalWinner_vs_XGBoost,14,0.30000000000000004,2.3801819275432051e-06
volatility__GOLD__FinalWinner_vs_XGBoost,15,0.25,2.0434896700627347e-06
volatility__GOLD__FinalWinner_vs_XGBoost,16,0.19999999999999996,1.8582268115786878e-06
volatility__GOLD__FinalWinner_vs_XGBoost,17,0.15000000000000002,1.7639184766855972e-06
volatility__GOLD__FinalWinner_vs_XGBoost,18,0.099999999999999978,1.7717100173743667e-06
volatility__GOLD__FinalWinner_vs_XGBoost,19,0.050000000000000044,1.545261356403495e-06
volatility__BIST100__FinalWinner_vs_GARCH_1_1_StudentsT_ZeroMean,0,1,7.692725239957134e-05
volatility__BIST100__FinalWinner_vs_GARCH_1_1_StudentsT_ZeroMean,1,0.94999999999999996,2.8364204872679295e-05
volatility__BIST100__FinalWinner_vs_GARCH_1_1_StudentsT_ZeroMean,2,0.90000000000000002,2.7751152251052127e-05
volatility__BIST100__FinalWinner_vs_GARCH_1_1_StudentsT_ZeroMean,3,0.84999999999999998,2.5507526250371762e-05
volatility__BIST100__FinalWinner_vs_GARCH_1_1_StudentsT_ZeroMean,4,0.80000000000000004,2.4204447607911782e-05
volatility__BIST100__FinalWinner_vs_GARCH_1_1_StudentsT_ZeroMean,5,0.75,1.7997078912960338e-05
volatility__BIST100__FinalWinner_vs_GARCH_1_1_StudentsT_ZeroMean,6,0.69999999999999996,2.3764981957705091e-05
volatility__BIST100__FinalWinner_vs_GARCH_1_1_StudentsT_ZeroMean,7,0.65000000000000002,1.9418850163405437e-05
volatility__BIST100__FinalWinner_vs_GARCH_1_1_StudentsT_ZeroMean,8,0.59999999999999998,1.813728316929286e-05
volatility__BIST100__FinalWinner_vs_GARCH_1_1_StudentsT_ZeroMean,9,0.55000000000000004,1.1151466332597682e-05
volatility__BIST100__FinalWinner_vs_GARCH_1_1_StudentsT_ZeroMean,10,0.5,7.5238952972324244e-06
volatility__BIST100__FinalWinner_vs_GARCH_1_1_StudentsT_ZeroMean,11,0.44999999999999996,1.2602535499007905e-05
volatility__BIST100__FinalWinner_vs_GARCH_1_1_StudentsT_ZeroMean,12,0.40000000000000002,9.4983055817483477e-06
volatility__BIST100__FinalWinner_vs_GARCH_1_1_StudentsT_ZeroMean,13,0.34999999999999998,1.2722336688583871e-05
volatility__BIST100__FinalWinner_vs_GARCH_1_1_StudentsT_ZeroMean,14,0.30000000000000004,8.3647570828662368e-06
volatility__BIST100__FinalWinner_vs_GARCH_1_1_StudentsT_ZeroMean,15,0.25,8.9076267903994015e-06
volatility__BIST100__FinalWinner_vs_GARCH_1_1_StudentsT_ZeroMean,16,0.19999999999999996,7.514146176927903e-06
volatility__BIST100__FinalWinner_vs_GARCH_1_1_StudentsT_ZeroMean,17,0.15000000000000002,8.9408382359574597e-06
volatility__BIST100__FinalWinner_vs_GARCH_1_1_StudentsT_ZeroMean,18,0.099999999999999978,8.5703645900630953e-06
volatility__BIST100__FinalWinner_vs_GARCH_1_1_StudentsT_ZeroMean,19,0.050000000000000044,1.6542643351452636e-05
volatility__EURTRY__FinalWinner_vs_GARCH_1_1_StudentsT_ZeroMean,0,1,1.3832427164501717e-05
volatility__EURTRY__FinalWinner_vs_GARCH_1_1_StudentsT_ZeroMean,1,0.94999999999999996,2.040974218730836e-06
volatility__EURTRY__FinalWinner_vs_GARCH_1_1_StudentsT_ZeroMean,2,0.90000000000000002,2.334069021150259e-06
volatility__EURTRY__FinalWinner_vs_GARCH_1_1_StudentsT_ZeroMean,3,0.84999999999999998,1.4790257955303125e-06
volatility__EURTRY__FinalWinner_vs_GARCH_1_1_StudentsT_ZeroMean,4,0.80000000000000004,1.2787461290031417e-06
volatility__EURTRY__FinalWinner_vs_GARCH_1_1_StudentsT_ZeroMean,5,0.75,8.688046329815005e-07
volatility__EURTRY__FinalWinner_vs_GARCH_1_1_StudentsT_ZeroMean,6,0.69999999999999996,1.1347148405890622e-06
volatility__EURTRY__FinalWinner_vs_GARCH_1_1_StudentsT_ZeroMean,7,0.65000000000000002,1.2817943034196751e-06
volatility__EURTRY__FinalWinner_vs_GARCH_1_1_StudentsT_ZeroMean,8,0.59999999999999998,1.120358445852122e-06
volatility__EURTRY__FinalWinner_vs_GARCH_1_1_StudentsT_ZeroMean,9,0.55000000000000004,3.7581054033431435e-07
volatility__EURTRY__FinalWinner_vs_GARCH_1_1_StudentsT_ZeroMean,10,0.5,-7.1775702926191602e-08
volatility__EURTRY__FinalWinner_vs_GARCH_1_1_StudentsT_ZeroMean,11,0.44999999999999996,2.5812065254936498e-06
volatility__EURTRY__FinalWinner_vs_GARCH_1_1_StudentsT_ZeroMean,12,0.40000000000000002,9.8484570579875119e-07
volatility__EURTRY__FinalWinner_vs_GARCH_1_1_StudentsT_ZeroMean,13,0.34999999999999998,3.5385293406334288e-07
volatility__EURTRY__FinalWinner_vs_GARCH_1_1_StudentsT_ZeroMean,14,0.30000000000000004,-2.9794421402473629e-07
volatility__EURTRY__FinalWinner_vs_GARCH_1_1_StudentsT_ZeroMean,15,0.25,-1.9705416167570893e-07
volatility__EURTRY__FinalWinner_vs_GARCH_1_1_StudentsT_ZeroMean,16,0.19999999999999996,-1.4432990226719874e-08
volatility__EURTRY__FinalWinner_vs_GARCH_1_1_StudentsT_ZeroMean,17,0.15000000000000002,-6.2777170433737068e-07
volatility__EURTRY__FinalWinner_vs_GARCH_1_1_StudentsT_ZeroMean,18,0.099999999999999978,1.0413929326722732e-06
volatility__EURTRY__FinalWinner_vs_GARCH_1_1_StudentsT_ZeroMean,19,0.050000000000000044,-1.3974827864453179e-07
volatility__GOLD__FinalWinner_vs_GARCH_1_1_StudentsT_ZeroMean,0,1,1.8813684026214957e-05
volatility__GOLD__FinalWinner_vs_GARCH_1_1_StudentsT_ZeroMean,1,0.94999999999999996,6.7341704767903519e-06
volatility__GOLD__FinalWinner_vs_GARCH_1_1_StudentsT_ZeroMean,2,0.90000000000000002,6.4250306057130453e-06
volatility__GOLD__FinalWinner_vs_GARCH_1_1_StudentsT_ZeroMean,3,0.84999999999999998,6.5338625059188394e-06
volatility__GOLD__FinalWinner_vs_GARCH_1_1_StudentsT_ZeroMean,4,0.80000000000000004,6.5116496401899498e-06
volatility__GOLD__FinalWinner_vs_GARCH_1_1_StudentsT_ZeroMean,5,0.75,5.1954633909776887e-06
volatility__GOLD__FinalWinner_vs_GARCH_1_1_StudentsT_ZeroMean,6,0.69999999999999996,5.0262609045804532e-06
volatility__GOLD__FinalWinner_vs_GARCH_1_1_StudentsT_ZeroMean,7,0.65000000000000002,5.904775191141275e-06
volatility__GOLD__FinalWinner_vs_GARCH_1_1_StudentsT_ZeroMean,8,0.59999999999999998,5.8538236550792532e-06
volatility__GOLD__FinalWinner_vs_GARCH_1_1_StudentsT_ZeroMean,9,0.55000000000000004,3.847499935932271e-06
volatility__GOLD__FinalWinner_vs_GARCH_1_1_StudentsT_ZeroMean,10,0.5,4.0765063207395816e-06
volatility__GOLD__FinalWinner_vs_GARCH_1_1_StudentsT_ZeroMean,11,0.44999999999999996,3.3551074080660076e-06
volatility__GOLD__FinalWinner_vs_GARCH_1_1_StudentsT_ZeroMean,12,0.40000000000000002,2.9065237769536556e-06
volatility__GOLD__FinalWinner_vs_GARCH_1_1_StudentsT_ZeroMean,13,0.34999999999999998,2.2996639736354118e-06
volatility__GOLD__FinalWinner_vs_GARCH_1_1_StudentsT_ZeroMean,14,0.30000000000000004,3.148797887982199e-06
volatility__GOLD__FinalWinner_vs_GARCH_1_1_StudentsT_ZeroMean,15,0.25,2.8878737626240238e-06
volatility__GOLD__FinalWinner_vs_GARCH_1_1_StudentsT_ZeroMean,16,0.19999999999999996,1.9961141838204583e-06
volatility__GOLD__FinalWinner_vs_GARCH_1_1_StudentsT_ZeroMean,17,0.15000000000000002,3.0795043857966955e-06
volatility__GOLD__FinalWinner_vs_GARCH_1_1_StudentsT_ZeroMean,18,0.099999999999999978,1.9391507500836846e-06
volatility__GOLD__FinalWinner_vs_GARCH_1_1_StudentsT_ZeroMean,19,0.050000000000000044,2.0104796379211583e-06
volatility__BIST100__FinalWinner_vs_GJR_GARCH_1_1_StudentsT_ZeroMean,0,1,7.6776991959652397e-05
volatility__BIST100__FinalWinner_vs_GJR_GARCH_1_1_StudentsT_ZeroMean,1,0.94999999999999996,2.8357828578022335e-05
volatility__BIST100__FinalWinner_vs_GJR_GARCH_1_1_StudentsT_ZeroMean,2,0.90000000000000002,2.7748746995073964e-05
volatility__BIST100__FinalWinner_vs_GJR_GARCH_1_1_StudentsT_ZeroMean,3,0.84999999999999998,2.5433957312053243e-05
volatility__BIST100__FinalWinner_vs_GJR_GARCH_1_1_StudentsT_ZeroMean,4,0.80000000000000004,2.4259351069761508e-05
volatility__BIST100__FinalWinner_vs_GJR_GARCH_1_1_StudentsT_ZeroMean,5,0.75,1.8008412491228651e-05
volatility__BIST100__FinalWinner_vs_GJR_GARCH_1_1_StudentsT_ZeroMean,6,0.69999999999999996,2.3398390246984564e-05
volatility__BIST100__FinalWinner_vs_GJR_GARCH_1_1_StudentsT_ZeroMean,7,0.65000000000000002,1.9319492297288556e-05
volatility__BIST100__FinalWinner_vs_GJR_GARCH_1_1_StudentsT_ZeroMean,8,0.59999999999999998,1.7898466088520867e-05
volatility__BIST100__FinalWinner_vs_GJR_GARCH_1_1_StudentsT_ZeroMean,9,0.55000000000000004,1.0747263660050755e-05
volatility__BIST100__FinalWinner_vs_GJR_GARCH_1_1_StudentsT_ZeroMean,10,0.5,7.1562934636129936e-06
volatility__BIST100__FinalWinner_vs_GJR_GARCH_1_1_StudentsT_ZeroMean,11,0.44999999999999996,1.2388435493540859e-05
volatility__BIST100__FinalWinner_vs_GJR_GARCH_1_1_StudentsT_ZeroMean,12,0.40000000000000002,9.2956712184279018e-06
volatility__BIST100__FinalWinner_vs_GJR_GARCH_1_1_StudentsT_ZeroMean,13,0.34999999999999998,1.2468010410961142e-05
volatility__BIST100__FinalWinner_vs_GJR_GARCH_1_1_StudentsT_ZeroMean,14,0.30000000000000004,8.2502174223309875e-06
volatility__BIST100__FinalWinner_vs_GJR_GARCH_1_1_StudentsT_ZeroMean,15,0.25,8.7196537146760299e-06
volatility__BIST100__FinalWinner_vs_GJR_GARCH_1_1_StudentsT_ZeroMean,16,0.19999999999999996,7.4238458377545506e-06
volatility__BIST100__FinalWinner_vs_GJR_GARCH_1_1_StudentsT_ZeroMean,17,0.15000000000000002,8.7161630741426253e-06
volatility__BIST100__FinalWinner_vs_GJR_GARCH_1_1_StudentsT_ZeroMean,18,0.099999999999999978,8.3636956723695144e-06
volatility__BIST100__FinalWinner_vs_GJR_GARCH_1_1_StudentsT_ZeroMean,19,0.050000000000000044,1.6601045597273853e-05
volatility__EURTRY__FinalWinner_vs_GJR_GARCH_1_1_StudentsT_ZeroMean,0,1,1.3845789914609428e-05
volatility__EURTRY__FinalWinner_vs_GJR_GARCH_1_1_StudentsT_ZeroMean,1,0.94999999999999996,2.0413939166554252e-06
volatility__EURTRY__FinalWinner_vs_GJR_GARCH_1_1_StudentsT_ZeroMean,2,0.90000000000000002,2.3463614444256887e-06
volatility__EURTRY__FinalWinner_vs_GJR_GARCH_1_1_StudentsT_ZeroMean,3,0.84999999999999998,1.4866277691719917e-06
volatility__EURTRY__FinalWinner_vs_GJR_GARCH_1_1_StudentsT_ZeroMean,4,0.80000000000000004,1.273549712046794e-06
volatility__EURTRY__FinalWinner_vs_GJR_GARCH_1_1_StudentsT_ZeroMean,5,0.75,8.8439789871870783e-07
volatility__EURTRY__FinalWinner_vs_GJR_GARCH_1_1_StudentsT_ZeroMean,6,0.69999999999999996,1.1195981578683445e-06
volatility__EURTRY__FinalWinner_vs_GJR_GARCH_1_1_StudentsT_ZeroMean,7,0.65000000000000002,1.3054186463967154e-06
volatility__EURTRY__FinalWinner_vs_GJR_GARCH_1_1_StudentsT_ZeroMean,8,0.59999999999999998,1.0964103209997769e-06
volatility__EURTRY__FinalWinner_vs_GJR_GARCH_1_1_StudentsT_ZeroMean,9,0.55000000000000004,3.9239764499725072e-07
volatility__EURTRY__FinalWinner_vs_GJR_GARCH_1_1_StudentsT_ZeroMean,10,0.5,-8.4950980170995039e-08
volatility__EURTRY__FinalWinner_vs_GJR_GARCH_1_1_StudentsT_ZeroMean,11,0.44999999999999996,2.5712226784282513e-06
volatility__EURTRY__FinalWinner_vs_GJR_GARCH_1_1_StudentsT_ZeroMean,12,0.40000000000000002,9.516981201423065e-07
volatility__EURTRY__FinalWinner_vs_GJR_GARCH_1_1_StudentsT_ZeroMean,13,0.34999999999999998,3.5036995237784252e-07
volatility__EURTRY__FinalWinner_vs_GJR_GARCH_1_1_StudentsT_ZeroMean,14,0.30000000000000004,-3.4010753583569393e-07
volatility__EURTRY__FinalWinner_vs_GJR_GARCH_1_1_StudentsT_ZeroMean,15,0.25,-2.1028143570700778e-07
volatility__EURTRY__FinalWinner_vs_GJR_GARCH_1_1_StudentsT_ZeroMean,16,0.19999999999999996,-4.8854683753276265e-08
volatility__EURTRY__FinalWinner_vs_GJR_GARCH_1_1_StudentsT_ZeroMean,17,0.15000000000000002,-7.1576672325129475e-07
volatility__EURTRY__FinalWinner_vs_GJR_GARCH_1_1_StudentsT_ZeroMean,18,0.099999999999999978,1.0544945215023267e-06
volatility__EURTRY__FinalWinner_vs_GJR_GARCH_1_1_StudentsT_ZeroMean,19,0.050000000000000044,-2.6798169095599303e-07
volatility__GOLD__FinalWinner_vs_GJR_GARCH_1_1_StudentsT_ZeroMean,0,1,1.8776976456785232e-05
volatility__GOLD__FinalWinner_vs_GJR_GARCH_1_1_StudentsT_ZeroMean,1,0.94999999999999996,6.7276880621901835e-06
volatility__GOLD__FinalWinner_vs_GJR_GARCH_1_1_StudentsT_ZeroMean,2,0.90000000000000002,6.4206125960487065e-06
volatility__GOLD__FinalWinner_vs_GJR_GARCH_1_1_StudentsT_ZeroMean,3,0.84999999999999998,6.5287008297423467e-06
volatility__GOLD__FinalWinner_vs_GJR_GARCH_1_1_StudentsT_ZeroMean,4,0.80000000000000004,6.504652057764846e-06
volatility__GOLD__FinalWinner_vs_GJR_GARCH_1_1_StudentsT_ZeroMean,5,0.75,5.1973867342870865e-06
volatility__GOLD__FinalWinner_vs_GJR_GARCH_1_1_StudentsT_ZeroMean,6,0.69999999999999996,5.0169677473976866e-06
volatility__GOLD__FinalWinner_vs_GJR_GARCH_1_1_StudentsT_ZeroMean,7,0.65000000000000002,5.9016301555429428e-06
volatility__GOLD__FinalWinner_vs_GJR_GARCH_1_1_StudentsT_ZeroMean,8,0.59999999999999998,5.854787385996495e-06
volatility__GOLD__FinalWinner_vs_GJR_GARCH_1_1_StudentsT_ZeroMean,9,0.55000000000000004,3.8483949149647479e-06
volatility__GOLD__FinalWinner_vs_GJR_GARCH_1_1_StudentsT_ZeroMean,10,0.5,4.0752902406030713e-06
volatility__GOLD__FinalWinner_vs_GJR_GARCH_1_1_StudentsT_ZeroMean,11,0.44999999999999996,3.3525647820240119e-06
volatility__GOLD__FinalWinner_vs_GJR_GARCH_1_1_StudentsT_ZeroMean,12,0.40000000000000002,2.9135063987694971e-06
volatility__GOLD__FinalWinner_vs_GJR_GARCH_1_1_StudentsT_ZeroMean,13,0.34999999999999998,2.2938610082979101e-06
volatility__GOLD__FinalWinner_vs_GJR_GARCH_1_1_StudentsT_ZeroMean,14,0.30000000000000004,3.1508636509770231e-06
volatility__GOLD__FinalWinner_vs_GJR_GARCH_1_1_StudentsT_ZeroMean,15,0.25,2.8838073006350067e-06
volatility__GOLD__FinalWinner_vs_GJR_GARCH_1_1_StudentsT_ZeroMean,16,0.19999999999999996,1.9952974163761302e-06
volatility__GOLD__FinalWinner_vs_GJR_GARCH_1_1_StudentsT_ZeroMean,17,0.15000000000000002,3.0847297506185369e-06
volatility__GOLD__FinalWinner_vs_GJR_GARCH_1_1_StudentsT_ZeroMean,18,0.099999999999999978,1.9469154921213699e-06
volatility__GOLD__FinalWinner_vs_GJR_GARCH_1_1_StudentsT_ZeroMean,19,0.050000000000000044,2.0132752845373077e-06
